	Catagory 1 (Jackets)		Catagory 2 (Blazers)		Catagory 3 (Formal Shirts)		Catagory 4 (Men Suits)		Catagory 5 (Spring Suits)		Catagory 6 (T Shirts)		Catagory 7 (Arabic Suits)		Catagory 8 (Wedding Suits)		Catagory 9 (Sports Suits)
Sr. no	Name	Links	Name	Links	Name	Links	Name	Links	Name	Links	Name	Links	Name	Links	Name	Links	Name	Links
1	Jackets_01	https://r2.fivemanage.com/VpSH9TwGu3QMkoMaogUPc/Outfits/Jackets/jackets_01.webp	blazers_01	https://r2.fivemanage.com/VpSH9TwGu3QMkoMaogUPc/Outfits/Blazers/blazers_01.webp	Formal_shirts_01	https://r2.fivemanage.com/VpSH9TwGu3QMkoMaogUPc/Outfits/Formal_Shirts/formal_shirts_01.webp	men_suit_01	https://r2.fivemanage.com/VpSH9TwGu3QMkoMaogUPc/Outfits/Men_Suits/men_suits_01.webp	spring_suit_01	https://r2.fivemanage.com/VpSH9TwGu3QMkoMaogUPc/Outfits/Spring_Suits/spring_suits_01.webp	T_shirt_01	https://r2.fivemanage.com/VpSH9TwGu3QMkoMaogUPc/Outfits/T_Shirts/summer_suits_01.webp	arabic_suits_01	https://r2.fivemanage.com/VpSH9TwGu3QMkoMaogUPc/Outfits/Arabic_Suits/arabic_suits_01.webp	Wedding_suit_01	https://r2.fivemanage.com/VpSH9TwGu3QMkoMaogUPc/Outfits/Wedding_Suits/wedding_suits_01.webp	sports_suit_01	https://r2.fivemanage.com/VpSH9TwGu3QMkoMaogUPc/Outfits/Sport_Suits/sports_suits_01.webp
2	Jackets_02	https://r2.fivemanage.com/VpSH9TwGu3QMkoMaogUPc/Outfits/Jackets/jackets_02.webp	blazers_02	https://r2.fivemanage.com/VpSH9TwGu3QMkoMaogUPc/Outfits/Blazers/blazers_02.webp	Formal_shirts_02	https://r2.fivemanage.com/VpSH9TwGu3QMkoMaogUPc/Outfits/Formal_Shirts/formal_shirts_02.webp	men_suit_02	https://r2.fivemanage.com/VpSH9TwGu3QMkoMaogUPc/Outfits/Men_Suits/men_suits_02.webp	spring_suit_02	https://r2.fivemanage.com/VpSH9TwGu3QMkoMaogUPc/Outfits/Spring_Suits/spring_suits_02.webp	T_shirt_02	https://r2.fivemanage.com/VpSH9TwGu3QMkoMaogUPc/Outfits/T_Shirts/summer_suits_02.webp	arabic_suits_02	https://r2.fivemanage.com/VpSH9TwGu3QMkoMaogUPc/Outfits/Arabic_Suits/arabic_suits_02.webp	Wedding_suit_02	https://r2.fivemanage.com/VpSH9TwGu3QMkoMaogUPc/Outfits/Wedding_Suits/wedding_suits_02.webp	sports_suit_02	https://r2.fivemanage.com/VpSH9TwGu3QMkoMaogUPc/Outfits/Sport_Suits/sports_suits_02.webp
3	Jackets_03	https://r2.fivemanage.com/VpSH9TwGu3QMkoMaogUPc/Outfits/Jackets/jackets_03.webp	blazers_03	https://r2.fivemanage.com/VpSH9TwGu3QMkoMaogUPc/Outfits/Blazers/blazers_03.webp	Formal_shirts_03	https://r2.fivemanage.com/VpSH9TwGu3QMkoMaogUPc/Outfits/Formal_Shirts/formal_shirts_03.webp	men_suit_03	https://r2.fivemanage.com/VpSH9TwGu3QMkoMaogUPc/Outfits/Men_Suits/men_suits_03.webp	spring_suit_03	https://r2.fivemanage.com/VpSH9TwGu3QMkoMaogUPc/Outfits/Spring_Suits/spring_suits_03.webp	T_shirt_03	https://r2.fivemanage.com/VpSH9TwGu3QMkoMaogUPc/Outfits/T_Shirts/summer_suits_03.webp	arabic_suits_03	https://r2.fivemanage.com/VpSH9TwGu3QMkoMaogUPc/Outfits/Arabic_Suits/arabic_suits_03.webp	Wedding_suit_03	https://r2.fivemanage.com/VpSH9TwGu3QMkoMaogUPc/Outfits/Wedding_Suits/wedding_suits_03.webp	sports_suit_03	https://r2.fivemanage.com/VpSH9TwGu3QMkoMaogUPc/Outfits/Sport_Suits/sports_suits_03.webp
4	Jackets_04	https://r2.fivemanage.com/VpSH9TwGu3QMkoMaogUPc/Outfits/Jackets/jackets_04.webp	blazers_04	https://r2.fivemanage.com/VpSH9TwGu3QMkoMaogUPc/Outfits/Blazers/blazers_04.webp	Formal_shirts_04	https://r2.fivemanage.com/VpSH9TwGu3QMkoMaogUPc/Outfits/Formal_Shirts/formal_shirts_04.webp	men_suit_04	https://r2.fivemanage.com/VpSH9TwGu3QMkoMaogUPc/Outfits/Men_Suits/men_suits_04.webp	spring_suit_04	https://r2.fivemanage.com/VpSH9TwGu3QMkoMaogUPc/Outfits/Spring_Suits/spring_suits_04.webp	T_shirt_04	https://r2.fivemanage.com/VpSH9TwGu3QMkoMaogUPc/Outfits/T_Shirts/summer_suits_04.webp	arabic_suits_04	https://r2.fivemanage.com/VpSH9TwGu3QMkoMaogUPc/Outfits/Arabic_Suits/arabic_suits_04.webp	Wedding_suit_04	https://r2.fivemanage.com/VpSH9TwGu3QMkoMaogUPc/Outfits/Wedding_Suits/wedding_suits_04.webp	sports_suit_04	https://r2.fivemanage.com/VpSH9TwGu3QMkoMaogUPc/Outfits/Sport_Suits/sports_suits_04.webp
5	Jackets_05	https://r2.fivemanage.com/VpSH9TwGu3QMkoMaogUPc/Outfits/Jackets/jackets_05.webp	blazers_05	https://r2.fivemanage.com/VpSH9TwGu3QMkoMaogUPc/Outfits/Blazers/blazers_05.webp	Formal_shirts_05	https://r2.fivemanage.com/VpSH9TwGu3QMkoMaogUPc/Outfits/Formal_Shirts/formal_shirts_05.webp	men_suit_05	https://r2.fivemanage.com/VpSH9TwGu3QMkoMaogUPc/Outfits/Men_Suits/men_suits_05.webp	spring_suit_05	https://r2.fivemanage.com/VpSH9TwGu3QMkoMaogUPc/Outfits/Spring_Suits/spring_suits_05.webp	T_shirt_05	https://r2.fivemanage.com/VpSH9TwGu3QMkoMaogUPc/Outfits/T_Shirts/summer_suits_05.webp	arabic_suits_05	https://r2.fivemanage.com/VpSH9TwGu3QMkoMaogUPc/Outfits/Arabic_Suits/arabic_suits_05.webp	Wedding_suit_05	https://r2.fivemanage.com/VpSH9TwGu3QMkoMaogUPc/Outfits/Wedding_Suits/wedding_suits_05.webp	sports_suit_05	https://r2.fivemanage.com/VpSH9TwGu3QMkoMaogUPc/Outfits/Sport_Suits/sports_suits_05.webp
6	Jackets_06	https://r2.fivemanage.com/VpSH9TwGu3QMkoMaogUPc/Outfits/Jackets/jackets_06.webp	blazers_06	https://r2.fivemanage.com/VpSH9TwGu3QMkoMaogUPc/Outfits/Blazers/blazers_06.webp	Formal_shirts_06	https://r2.fivemanage.com/VpSH9TwGu3QMkoMaogUPc/Outfits/Formal_Shirts/formal_shirts_06.webp	men_suit_06	https://r2.fivemanage.com/VpSH9TwGu3QMkoMaogUPc/Outfits/Men_Suits/men_suits_06.webp	spring_suit_06	https://r2.fivemanage.com/VpSH9TwGu3QMkoMaogUPc/Outfits/Spring_Suits/spring_suits_06.webp	T_shirt_06	https://r2.fivemanage.com/VpSH9TwGu3QMkoMaogUPc/Outfits/T_Shirts/summer_suits_06.webp	arabic_suits_06	https://r2.fivemanage.com/VpSH9TwGu3QMkoMaogUPc/Outfits/Arabic_Suits/arabic_suits_06.webp	Wedding_suit_06	https://r2.fivemanage.com/VpSH9TwGu3QMkoMaogUPc/Outfits/Wedding_Suits/wedding_suits_06.webp	sports_suit_06	https://r2.fivemanage.com/VpSH9TwGu3QMkoMaogUPc/Outfits/Sport_Suits/sports_suits_06.webp
7	Jackets_07	https://r2.fivemanage.com/VpSH9TwGu3QMkoMaogUPc/Outfits/Jackets/jackets_07.webp	blazers_07	https://r2.fivemanage.com/VpSH9TwGu3QMkoMaogUPc/Outfits/Blazers/blazers_07.webp	Formal_shirts_07	https://r2.fivemanage.com/VpSH9TwGu3QMkoMaogUPc/Outfits/Formal_Shirts/formal_shirts_07.webp	men_suit_07	https://r2.fivemanage.com/VpSH9TwGu3QMkoMaogUPc/Outfits/Men_Suits/men_suits_07.webp	spring_suit_07	https://r2.fivemanage.com/VpSH9TwGu3QMkoMaogUPc/Outfits/Spring_Suits/spring_suits_07.webp	T_shirt_07	https://r2.fivemanage.com/VpSH9TwGu3QMkoMaogUPc/Outfits/T_Shirts/summer_suits_07.webp	arabic_suits_07	https://r2.fivemanage.com/VpSH9TwGu3QMkoMaogUPc/Outfits/Arabic_Suits/arabic_suits_07.webp	Wedding_suit_07	https://r2.fivemanage.com/VpSH9TwGu3QMkoMaogUPc/Outfits/Wedding_Suits/wedding_suits_07.webp	sports_suit_07	https://r2.fivemanage.com/VpSH9TwGu3QMkoMaogUPc/Outfits/Sport_Suits/sports_suits_07.webp
8	Jackets_08	https://r2.fivemanage.com/VpSH9TwGu3QMkoMaogUPc/Outfits/Jackets/jackets_08.webp	blazers_08	https://r2.fivemanage.com/VpSH9TwGu3QMkoMaogUPc/Outfits/Blazers/blazers_08.webp	Formal_shirts_08	https://r2.fivemanage.com/VpSH9TwGu3QMkoMaogUPc/Outfits/Formal_Shirts/formal_shirts_08.webp	men_suit_08	https://r2.fivemanage.com/VpSH9TwGu3QMkoMaogUPc/Outfits/Men_Suits/men_suits_08.webp	spring_suit_08	https://r2.fivemanage.com/VpSH9TwGu3QMkoMaogUPc/Outfits/Spring_Suits/spring_suits_08.webp	T_shirt_08	https://r2.fivemanage.com/VpSH9TwGu3QMkoMaogUPc/Outfits/T_Shirts/summer_suits_08.webp	arabic_suits_08	https://r2.fivemanage.com/VpSH9TwGu3QMkoMaogUPc/Outfits/Arabic_Suits/arabic_suits_08.webp	Wedding_suit_08	https://r2.fivemanage.com/VpSH9TwGu3QMkoMaogUPc/Outfits/Wedding_Suits/wedding_suits_08.webp	sports_suit_08	https://r2.fivemanage.com/VpSH9TwGu3QMkoMaogUPc/Outfits/Sport_Suits/sports_suits_08.webp
9	Jackets_09	https://r2.fivemanage.com/VpSH9TwGu3QMkoMaogUPc/Outfits/Jackets/jackets_09.webp	blazers_09	https://r2.fivemanage.com/VpSH9TwGu3QMkoMaogUPc/Outfits/Blazers/blazers_09.webp	Formal_shirts_09	https://r2.fivemanage.com/VpSH9TwGu3QMkoMaogUPc/Outfits/Formal_Shirts/formal_shirts_09.webp	men_suit_09	https://r2.fivemanage.com/VpSH9TwGu3QMkoMaogUPc/Outfits/Men_Suits/men_suits_09.webp	spring_suit_09	https://r2.fivemanage.com/VpSH9TwGu3QMkoMaogUPc/Outfits/Spring_Suits/spring_suits_09.webp	T_shirt_09	https://r2.fivemanage.com/VpSH9TwGu3QMkoMaogUPc/Outfits/T_Shirts/summer_suits_09.webp	arabic_suits_09	https://r2.fivemanage.com/VpSH9TwGu3QMkoMaogUPc/Outfits/Arabic_Suits/arabic_suits_09.webp	Wedding_suit_09	https://r2.fivemanage.com/VpSH9TwGu3QMkoMaogUPc/Outfits/Wedding_Suits/wedding_suits_09.webp	sports_suit_09	https://r2.fivemanage.com/VpSH9TwGu3QMkoMaogUPc/Outfits/Sport_Suits/sports_suits_09.webp
10	Jackets_10	https://r2.fivemanage.com/VpSH9TwGu3QMkoMaogUPc/Outfits/Jackets/jackets_10.webp	blazers_10	https://r2.fivemanage.com/VpSH9TwGu3QMkoMaogUPc/Outfits/Blazers/blazers_10.webp	Formal_shirts_10	https://r2.fivemanage.com/VpSH9TwGu3QMkoMaogUPc/Outfits/Formal_Shirts/formal_shirts_10.webp	men_suit_10	https://r2.fivemanage.com/VpSH9TwGu3QMkoMaogUPc/Outfits/Men_Suits/men_suits_10.webp	spring_suit_10	https://r2.fivemanage.com/VpSH9TwGu3QMkoMaogUPc/Outfits/Spring_Suits/spring_suits_10.webp	T_shirt_10	https://r2.fivemanage.com/VpSH9TwGu3QMkoMaogUPc/Outfits/T_Shirts/summer_suits_10.webp	arabic_suits_10	https://r2.fivemanage.com/VpSH9TwGu3QMkoMaogUPc/Outfits/Arabic_Suits/arabic_suits_10.webp	Wedding_suit_10	https://r2.fivemanage.com/VpSH9TwGu3QMkoMaogUPc/Outfits/Wedding_Suits/wedding_suits_10.webp	sports_suit_10	https://r2.fivemanage.com/VpSH9TwGu3QMkoMaogUPc/Outfits/Sport_Suits/sports_suits_10.webp
11	Jackets_11	https://r2.fivemanage.com/VpSH9TwGu3QMkoMaogUPc/Outfits/Jackets/jackets_11.webp	blazers_11	https://r2.fivemanage.com/VpSH9TwGu3QMkoMaogUPc/Outfits/Blazers/blazers_11.webp	Formal_shirts_11	https://r2.fivemanage.com/VpSH9TwGu3QMkoMaogUPc/Outfits/Formal_Shirts/formal_shirts_11.webp	men_suit_11	https://r2.fivemanage.com/VpSH9TwGu3QMkoMaogUPc/Outfits/Men_Suits/men_suits_11.webp	spring_suit_11	https://r2.fivemanage.com/VpSH9TwGu3QMkoMaogUPc/Outfits/Spring_Suits/spring_suits_11.webp	T_shirt_11	https://r2.fivemanage.com/VpSH9TwGu3QMkoMaogUPc/Outfits/T_Shirts/summer_suits_11.webp	arabic_suits_11	https://r2.fivemanage.com/VpSH9TwGu3QMkoMaogUPc/Outfits/Arabic_Suits/arabic_suits_11.webp	Wedding_suit_11	https://r2.fivemanage.com/VpSH9TwGu3QMkoMaogUPc/Outfits/Wedding_Suits/wedding_suits_11.webp	sports_suit_11	https://r2.fivemanage.com/VpSH9TwGu3QMkoMaogUPc/Outfits/Sport_Suits/sports_suits_11.webp
12	Jackets_12	https://r2.fivemanage.com/VpSH9TwGu3QMkoMaogUPc/Outfits/Jackets/jackets_12.webp	blazers_12	https://r2.fivemanage.com/VpSH9TwGu3QMkoMaogUPc/Outfits/Blazers/blazers_12.webp	Formal_shirts_12	https://r2.fivemanage.com/VpSH9TwGu3QMkoMaogUPc/Outfits/Formal_Shirts/formal_shirts_12.webp	men_suit_12	https://r2.fivemanage.com/VpSH9TwGu3QMkoMaogUPc/Outfits/Men_Suits/men_suits_12.webp	spring_suit_12	https://r2.fivemanage.com/VpSH9TwGu3QMkoMaogUPc/Outfits/Spring_Suits/spring_suits_12.webp	T_shirt_12		arabic_suits_12	https://r2.fivemanage.com/VpSH9TwGu3QMkoMaogUPc/Outfits/Arabic_Suits/arabic_suits_12.webp	Wedding_suit_12	https://r2.fivemanage.com/VpSH9TwGu3QMkoMaogUPc/Outfits/Wedding_Suits/wedding_suits_12.webp	sports_suit_12	https://r2.fivemanage.com/VpSH9TwGu3QMkoMaogUPc/Outfits/Sport_Suits/sports_suits_12.webp
13	Jackets_13	https://r2.fivemanage.com/VpSH9TwGu3QMkoMaogUPc/Outfits/Jackets/jackets_13.webp	blazers_13	https://r2.fivemanage.com/VpSH9TwGu3QMkoMaogUPc/Outfits/Blazers/blazers_13.webp	Formal_shirts_13	https://r2.fivemanage.com/VpSH9TwGu3QMkoMaogUPc/Outfits/Formal_Shirts/formal_shirts_13.webp	men_suit_13	https://r2.fivemanage.com/VpSH9TwGu3QMkoMaogUPc/Outfits/Men_Suits/men_suits_13.webp	spring_suit_13	https://r2.fivemanage.com/VpSH9TwGu3QMkoMaogUPc/Outfits/Spring_Suits/spring_suits_13.webp	T_shirt_13		arabic_suits_13	https://r2.fivemanage.com/VpSH9TwGu3QMkoMaogUPc/Outfits/Arabic_Suits/arabic_suits_13.webp	Wedding_suit_13	https://r2.fivemanage.com/VpSH9TwGu3QMkoMaogUPc/Outfits/Wedding_Suits/wedding_suits_13.webp	sports_suit_13	https://r2.fivemanage.com/VpSH9TwGu3QMkoMaogUPc/Outfits/Sport_Suits/sports_suits_13.webp
14	Jackets_14	https://r2.fivemanage.com/VpSH9TwGu3QMkoMaogUPc/Outfits/Jackets/jackets_14.webp	blazers_14	https://r2.fivemanage.com/VpSH9TwGu3QMkoMaogUPc/Outfits/Blazers/blazers_14.webp	Formal_shirts_14	https://r2.fivemanage.com/VpSH9TwGu3QMkoMaogUPc/Outfits/Formal_Shirts/formal_shirts_14.webp	men_suit_14	https://r2.fivemanage.com/VpSH9TwGu3QMkoMaogUPc/Outfits/Men_Suits/men_suits_14.webp	spring_suit_14	https://r2.fivemanage.com/VpSH9TwGu3QMkoMaogUPc/Outfits/Spring_Suits/spring_suits_14.webp	T_shirt_14		arabic_suits_14	https://r2.fivemanage.com/VpSH9TwGu3QMkoMaogUPc/Outfits/Arabic_Suits/arabic_suits_14.webp	Wedding_suit_14	https://r2.fivemanage.com/VpSH9TwGu3QMkoMaogUPc/Outfits/Wedding_Suits/wedding_suits_14.webp	sports_suit_14	https://r2.fivemanage.com/VpSH9TwGu3QMkoMaogUPc/Outfits/Sport_Suits/sports_suits_14.webp
15	Jackets_15	https://r2.fivemanage.com/VpSH9TwGu3QMkoMaogUPc/Outfits/Jackets/jackets_15.webp	blazers_15	https://r2.fivemanage.com/VpSH9TwGu3QMkoMaogUPc/Outfits/Blazers/blazers_15.webp	Formal_shirts_15	https://r2.fivemanage.com/VpSH9TwGu3QMkoMaogUPc/Outfits/Formal_Shirts/formal_shirts_15.webp	men_suit_15	https://r2.fivemanage.com/VpSH9TwGu3QMkoMaogUPc/Outfits/Men_Suits/men_suits_15.webp	spring_suit_15	https://r2.fivemanage.com/VpSH9TwGu3QMkoMaogUPc/Outfits/Spring_Suits/spring_suits_15.webp	T_shirt_15		arabic_suits_15	https://r2.fivemanage.com/VpSH9TwGu3QMkoMaogUPc/Outfits/Arabic_Suits/arabic_suits_15.webp	Wedding_suit_15	https://r2.fivemanage.com/VpSH9TwGu3QMkoMaogUPc/Outfits/Wedding_Suits/wedding_suits_15.webp	sports_suit_15	https://r2.fivemanage.com/VpSH9TwGu3QMkoMaogUPc/Outfits/Sport_Suits/sports_suits_15.webp
16	Jackets_16	https://r2.fivemanage.com/VpSH9TwGu3QMkoMaogUPc/Outfits/Jackets/jackets_16.webp	blazers_16	https://r2.fivemanage.com/VpSH9TwGu3QMkoMaogUPc/Outfits/Blazers/blazers_16.webp	Formal_shirts_16	https://r2.fivemanage.com/VpSH9TwGu3QMkoMaogUPc/Outfits/Formal_Shirts/formal_shirts_16.webp	men_suit_16	https://r2.fivemanage.com/VpSH9TwGu3QMkoMaogUPc/Outfits/Men_Suits/men_suits_16.webp	spring_suit_16	https://r2.fivemanage.com/VpSH9TwGu3QMkoMaogUPc/Outfits/Spring_Suits/spring_suits_16.webp	T_shirt_16		arabic_suits_16	https://r2.fivemanage.com/VpSH9TwGu3QMkoMaogUPc/Outfits/Arabic_Suits/arabic_suits_16.webp	Wedding_suit_16	https://r2.fivemanage.com/VpSH9TwGu3QMkoMaogUPc/Outfits/Wedding_Suits/wedding_suits_16.webp	sports_suit_16	https://r2.fivemanage.com/VpSH9TwGu3QMkoMaogUPc/Outfits/Sport_Suits/sports_suits_16.webp
17	Jackets_17	https://r2.fivemanage.com/VpSH9TwGu3QMkoMaogUPc/Outfits/Jackets/jackets_17.webp	blazers_17	https://r2.fivemanage.com/VpSH9TwGu3QMkoMaogUPc/Outfits/Blazers/blazers_17.webp	Formal_shirts_17	https://r2.fivemanage.com/VpSH9TwGu3QMkoMaogUPc/Outfits/Formal_Shirts/formal_shirts_17.webp	men_suit_17	https://r2.fivemanage.com/VpSH9TwGu3QMkoMaogUPc/Outfits/Men_Suits/men_suits_17.webp	spring_suit_17	https://r2.fivemanage.com/VpSH9TwGu3QMkoMaogUPc/Outfits/Spring_Suits/spring_suits_17.webp	T_shirt_17		arabic_suits_17	https://r2.fivemanage.com/VpSH9TwGu3QMkoMaogUPc/Outfits/Arabic_Suits/arabic_suits_17.webp	Wedding_suit_17	https://r2.fivemanage.com/VpSH9TwGu3QMkoMaogUPc/Outfits/Wedding_Suits/wedding_suits_17.webp	sports_suit_17	https://r2.fivemanage.com/VpSH9TwGu3QMkoMaogUPc/Outfits/Sport_Suits/sports_suits_17.webp
18	Jackets_18	https://r2.fivemanage.com/VpSH9TwGu3QMkoMaogUPc/Outfits/Jackets/jackets_18.webp	blazers_18	https://r2.fivemanage.com/VpSH9TwGu3QMkoMaogUPc/Outfits/Blazers/blazers_18.webp	Formal_shirts_18	https://r2.fivemanage.com/VpSH9TwGu3QMkoMaogUPc/Outfits/Formal_Shirts/formal_shirts_18.webp	men_suit_18	https://r2.fivemanage.com/VpSH9TwGu3QMkoMaogUPc/Outfits/Men_Suits/men_suits_18.webp	spring_suit_18	https://r2.fivemanage.com/VpSH9TwGu3QMkoMaogUPc/Outfits/Spring_Suits/spring_suits_18.webp	T_shirt_18		arabic_suits_18	https://r2.fivemanage.com/VpSH9TwGu3QMkoMaogUPc/Outfits/Arabic_Suits/arabic_suits_18.webp	Wedding_suit_18	https://r2.fivemanage.com/VpSH9TwGu3QMkoMaogUPc/Outfits/Wedding_Suits/wedding_suits_18.webp	sports_suit_18	https://r2.fivemanage.com/VpSH9TwGu3QMkoMaogUPc/Outfits/Sport_Suits/sports_suits_18.webp
19	Jackets_19	https://r2.fivemanage.com/VpSH9TwGu3QMkoMaogUPc/Outfits/Jackets/jackets_19.webp	blazers_19	https://r2.fivemanage.com/VpSH9TwGu3QMkoMaogUPc/Outfits/Blazers/blazers_19.webp	Formal_shirts_19	https://r2.fivemanage.com/VpSH9TwGu3QMkoMaogUPc/Outfits/Formal_Shirts/formal_shirts_19.webp	men_suit_19	https://r2.fivemanage.com/VpSH9TwGu3QMkoMaogUPc/Outfits/Men_Suits/men_suits_19.webp	spring_suit_19	https://r2.fivemanage.com/VpSH9TwGu3QMkoMaogUPc/Outfits/Spring_Suits/spring_suits_19.webp	T_shirt_19		arabic_suits_19	https://r2.fivemanage.com/VpSH9TwGu3QMkoMaogUPc/Outfits/Arabic_Suits/arabic_suits_19.webp	Wedding_suit_19	https://r2.fivemanage.com/VpSH9TwGu3QMkoMaogUPc/Outfits/Wedding_Suits/wedding_suits_19.webp	sports_suit_19	https://r2.fivemanage.com/VpSH9TwGu3QMkoMaogUPc/Outfits/Sport_Suits/sports_suits_19.webp
20	Jackets_20	https://r2.fivemanage.com/VpSH9TwGu3QMkoMaogUPc/Outfits/Jackets/jackets_20.webp	blazers_20	https://r2.fivemanage.com/VpSH9TwGu3QMkoMaogUPc/Outfits/Blazers/blazers_20.webp	Formal_shirts_20		men_suit_20	https://r2.fivemanage.com/VpSH9TwGu3QMkoMaogUPc/Outfits/Men_Suits/men_suits_20.webp	spring_suit_20		T_shirt_20		arabic_suits_20	https://r2.fivemanage.com/VpSH9TwGu3QMkoMaogUPc/Outfits/Arabic_Suits/arabic_suits_20.webp	Wedding_suit_20	https://r2.fivemanage.com/VpSH9TwGu3QMkoMaogUPc/Outfits/Wedding_Suits/wedding_suits_20.webp	sports_suit_20	https://r2.fivemanage.com/VpSH9TwGu3QMkoMaogUPc/Outfits/Sport_Suits/sports_suits_20.webp
21	Jackets_21	https://r2.fivemanage.com/VpSH9TwGu3QMkoMaogUPc/Outfits/Jackets/jackets_21.webp	blazers_21	https://r2.fivemanage.com/VpSH9TwGu3QMkoMaogUPc/Outfits/Blazers/blazers_21.webp	Formal_shirts_21		men_suit_21	https://r2.fivemanage.com/VpSH9TwGu3QMkoMaogUPc/Outfits/Men_Suits/men_suits_21.webp	spring_suit_21		T_shirt_21		arabic_suits_21	https://r2.fivemanage.com/VpSH9TwGu3QMkoMaogUPc/Outfits/Arabic_Suits/arabic_suits_21.webp	Wedding_suit_21	https://r2.fivemanage.com/VpSH9TwGu3QMkoMaogUPc/Outfits/Wedding_Suits/wedding_suits_21.webp	sports_suit_21	https://r2.fivemanage.com/VpSH9TwGu3QMkoMaogUPc/Outfits/Sport_Suits/sports_suits_21.webp
22	Jackets_22	https://r2.fivemanage.com/VpSH9TwGu3QMkoMaogUPc/Outfits/Jackets/jackets_22.webp	blazers_22	https://r2.fivemanage.com/VpSH9TwGu3QMkoMaogUPc/Outfits/Blazers/blazers_22.webp	Formal_shirts_22		men_suit_22	https://r2.fivemanage.com/VpSH9TwGu3QMkoMaogUPc/Outfits/Men_Suits/men_suits_22.webp	spring_suit_22		T_shirt_22		arabic_suits_22	https://r2.fivemanage.com/VpSH9TwGu3QMkoMaogUPc/Outfits/Arabic_Suits/arabic_suits_22.webp	Wedding_suit_22	https://r2.fivemanage.com/VpSH9TwGu3QMkoMaogUPc/Outfits/Wedding_Suits/wedding_suits_22.webp	sports_suit_22	https://r2.fivemanage.com/VpSH9TwGu3QMkoMaogUPc/Outfits/Sport_Suits/sports_suits_22.webp
23	Jackets_23	https://r2.fivemanage.com/VpSH9TwGu3QMkoMaogUPc/Outfits/Jackets/jackets_23.webp	blazers_23	https://r2.fivemanage.com/VpSH9TwGu3QMkoMaogUPc/Outfits/Blazers/blazers_23.webp	Formal_shirts_23		men_suit_23	https://r2.fivemanage.com/VpSH9TwGu3QMkoMaogUPc/Outfits/Men_Suits/men_suits_23.webp	spring_suit_23		T_shirt_23		arabic_suits_23	https://r2.fivemanage.com/VpSH9TwGu3QMkoMaogUPc/Outfits/Arabic_Suits/arabic_suits_23.webp	Wedding_suit_23		sports_suit_23
24	Jackets_24	https://r2.fivemanage.com/VpSH9TwGu3QMkoMaogUPc/Outfits/Jackets/jackets_24.webp	blazers_24	https://r2.fivemanage.com/VpSH9TwGu3QMkoMaogUPc/Outfits/Blazers/blazers_24.webp	Formal_shirts_24		men_suit_24	https://r2.fivemanage.com/VpSH9TwGu3QMkoMaogUPc/Outfits/Men_Suits/men_suits_24.webp	spring_suit_24		T_shirt_24		arabic_suits_24	https://r2.fivemanage.com/VpSH9TwGu3QMkoMaogUPc/Outfits/Arabic_Suits/arabic_suits_24.webp	Wedding_suit_24		sports_suit_24
25	Jackets_25	https://r2.fivemanage.com/VpSH9TwGu3QMkoMaogUPc/Outfits/Jackets/jackets_25.webp	blazers_25	https://r2.fivemanage.com/VpSH9TwGu3QMkoMaogUPc/Outfits/Blazers/blazers_25.webp	Formal_shirts_25		men_suit_25	https://r2.fivemanage.com/VpSH9TwGu3QMkoMaogUPc/Outfits/Men_Suits/men_suits_25.webp	spring_suit_25		T_shirt_25		arabic_suits_25	https://r2.fivemanage.com/VpSH9TwGu3QMkoMaogUPc/Outfits/Arabic_Suits/arabic_suits_25.webp	Wedding_suit_25		sports_suit_25
26	Jackets_26	https://r2.fivemanage.com/VpSH9TwGu3QMkoMaogUPc/Outfits/Jackets/jackets_26.webp	blazers_26	https://r2.fivemanage.com/VpSH9TwGu3QMkoMaogUPc/Outfits/Blazers/blazers_26.webp	Formal_shirts_26		men_suit_26	https://r2.fivemanage.com/VpSH9TwGu3QMkoMaogUPc/Outfits/Men_Suits/men_suits_26.webp	spring_suit_26		T_shirt_26		arabic_suits_26	https://r2.fivemanage.com/VpSH9TwGu3QMkoMaogUPc/Outfits/Arabic_Suits/arabic_suits_26.webp	Wedding_suit_26		sports_suit_26
27	Jackets_27	https://r2.fivemanage.com/VpSH9TwGu3QMkoMaogUPc/Outfits/Jackets/jackets_27.webp	blazers_27	https://r2.fivemanage.com/VpSH9TwGu3QMkoMaogUPc/Outfits/Blazers/blazers_27.webp	Formal_shirts_27		men_suit_27	https://r2.fivemanage.com/VpSH9TwGu3QMkoMaogUPc/Outfits/Men_Suits/men_suits_27.webp	spring_suit_27		T_shirt_27		arabic_suits_27	https://r2.fivemanage.com/VpSH9TwGu3QMkoMaogUPc/Outfits/Arabic_Suits/arabic_suits_27.webp	Wedding_suit_27		sports_suit_27
28	Jackets_28	https://r2.fivemanage.com/VpSH9TwGu3QMkoMaogUPc/Outfits/Jackets/jackets_28.webp	blazers_28		Formal_shirts_28		men_suit_28	https://r2.fivemanage.com/VpSH9TwGu3QMkoMaogUPc/Outfits/Men_Suits/men_suits_28.webp	spring_suit_28		T_shirt_28		arabic_suits_28	https://r2.fivemanage.com/VpSH9TwGu3QMkoMaogUPc/Outfits/Arabic_Suits/arabic_suits_28.webp	Wedding_suit_28		sports_suit_28
29	Jackets_29	https://r2.fivemanage.com/VpSH9TwGu3QMkoMaogUPc/Outfits/Jackets/jackets_29.webp	blazers_29		Formal_shirts_29		men_suit_29		spring_suit_29		T_shirt_29		arabic_suits_29	https://r2.fivemanage.com/VpSH9TwGu3QMkoMaogUPc/Outfits/Arabic_Suits/arabic_suits_29.webp	Wedding_suit_29		sports_suit_29
30	Jackets_30	https://r2.fivemanage.com/VpSH9TwGu3QMkoMaogUPc/Outfits/Jackets/jackets_30.webp	blazers_30		Formal_shirts_30		men_suit_30		spring_suit_30		T_shirt_30		arabic_suits_30	https://r2.fivemanage.com/VpSH9TwGu3QMkoMaogUPc/Outfits/Arabic_Suits/arabic_suits_30.webp	Wedding_suit_30		sports_suit_30
31	Jackets_31	https://r2.fivemanage.com/VpSH9TwGu3QMkoMaogUPc/Outfits/Jackets/jackets_31.webp	blazers_31		Formal_shirts_31		men_suit_31		spring_suit_31		T_shirt_31		arabic_suits_31	https://r2.fivemanage.com/VpSH9TwGu3QMkoMaogUPc/Outfits/Arabic_Suits/arabic_suits_31.webp	Wedding_suit_31		sports_suit_31
32	Jackets_32	https://r2.fivemanage.com/VpSH9TwGu3QMkoMaogUPc/Outfits/Jackets/jackets_32.webp	blazers_32		Formal_shirts_32		men_suit_32		spring_suit_32		T_shirt_32		arabic_suits_32	https://r2.fivemanage.com/VpSH9TwGu3QMkoMaogUPc/Outfits/Arabic_Suits/arabic_suits_32.webp	Wedding_suit_32		sports_suit_32
33	Jackets_33	https://r2.fivemanage.com/VpSH9TwGu3QMkoMaogUPc/Outfits/Jackets/jackets_33.webp	blazers_33		Formal_shirts_33		men_suit_33		spring_suit_33		T_shirt_33		arabic_suits_33	https://r2.fivemanage.com/VpSH9TwGu3QMkoMaogUPc/Outfits/Arabic_Suits/arabic_suits_33.webp	Wedding_suit_33		sports_suit_33
34	Jackets_34	https://r2.fivemanage.com/VpSH9TwGu3QMkoMaogUPc/Outfits/Jackets/jackets_34.webp	blazers_34		Formal_shirts_34		men_suit_34		spring_suit_34		T_shirt_34		arabic_suits_34	https://r2.fivemanage.com/VpSH9TwGu3QMkoMaogUPc/Outfits/Arabic_Suits/arabic_suits_34.webp	Wedding_suit_34		sports_suit_34
35	Jackets_35	https://r2.fivemanage.com/VpSH9TwGu3QMkoMaogUPc/Outfits/Jackets/jackets_35.webp	blazers_35		Formal_shirts_35		men_suit_35		spring_suit_35		T_shirt_35		arabic_suits_35	https://r2.fivemanage.com/VpSH9TwGu3QMkoMaogUPc/Outfits/Arabic_Suits/arabic_suits_35.webp	Wedding_suit_35		sports_suit_35
36	Jackets_36	https://r2.fivemanage.com/VpSH9TwGu3QMkoMaogUPc/Outfits/Jackets/jackets_36.webp	blazers_36		Formal_shirts_36		men_suit_36		spring_suit_36		T_shirt_36		arabic_suits_36	https://r2.fivemanage.com/VpSH9TwGu3QMkoMaogUPc/Outfits/Arabic_Suits/arabic_suits_36.webp	Wedding_suit_36		sports_suit_36

